House Vote #273 2019-06-12T23:40:00 - H.Amdt. 289 (Foster) to H.R. 2740: To increase the Biomedical Advanced Research and Development Authority account by $1,000,000 to support increased R&D for biosecurity.
person,state,district,vote,name,party
400004,AL,4,Aye,"Rep. Robert Aderholt [R, 1997-2024]",Republican
400029,UT,1,No,"Rep. Rob Bishop [R, 2003-2020]",Republican
400030,GA,2,Aye,"Rep. Sanford Bishop [D, 1993-2024]",Democrat
400033,OR,3,Aye,"Rep. Earl Blumenauer [D, 1996-2024]",Democrat
400046,TX,8,No,"Rep. Kevin Brady [R, 1997-2022]",Republican
400052,TX,26,No,"Rep. Michael Burgess [R, 2003-2024]",Republican
400057,CA,42,Aye,"Rep. Ken Calvert [R, 2013-2022]",Republican
400068,TX,31,No,"Rep. John R. Carter [R, 2003-2024]",Republican
400069,HI,1,Aye,"Rep. Ed Case [D, 2019-2024]",Democrat
400071,OH,1,No,"Rep. Steve Chabot [R, 2011-2022]",Republican
400074,MO,1,Aye,"Rep. Lacy Clay [D, 2001-2020]",Democrat
400075,SC,6,Aye,"Rep. James “Jim” Clyburn [D, 1993-2024]",Democrat
400077,OK,4,Aye,"Rep. Tom Cole [R, 2003-2024]",Republican
400081,TN,5,Aye,"Rep. Jim Cooper [D, 2003-2022]",Democrat
400090,MD,7,Aye,"Rep. Elijah Cummings [D, 1996-2019]",Democrat
400093,IL,7,Aye,"Rep. Danny Davis [D, 1997-2024]",Democrat
400097,CA,53,Aye,"Rep. Susan Davis [D, 2003-2020]",Democrat
400100,OR,4,Aye,"Rep. Peter DeFazio [D, 1987-2022]",Democrat
400101,CO,1,Aye,"Rep. Diana DeGette [D, 1997-2024]",Democrat
400103,CT,3,Aye,"Rep. Rosa DeLauro [D, 1991-2024]",Democrat
400108,FL,25,Aye,"Rep. Mario Diaz-Balart [R, 2013-2022]",Republican
400111,TX,35,Aye,"Rep. Lloyd Doggett [D, 2013-2022]",Democrat
400114,PA,18,Aye,"Rep. Michael Doyle [D, 2019-2022]",Democrat
400122,NY,16,Aye,"Rep. Eliot Engel [D, 2013-2020]",Democrat
400124,CA,18,Aye,"Rep. Anna Eshoo [D, 2013-2022]",Democrat
400157,TX,12,Aye,"Rep. Kay Granger [R, 1997-2024]",Republican
400158,MO,6,No,"Rep. Sam Graves [R, 2001-2024]",Republican
400162,AZ,3,Aye,"Rep. Raúl Grijalva [D, 2013-2022]",Democrat
400170,FL,20,Not Voting,"Rep. Alcee Hastings [D, 2013-2021]",Democrat
400189,MD,5,Aye,"Rep. Steny Hoyer [D, 1981-2024]",Democrat
400199,TX,18,Aye,"Rep. Sheila Jackson Lee [D, 1995-2024]",Democrat
400204,TX,30,Aye,"Rep. Eddie Bernice Johnson [D, 1993-2022]",Democrat
400211,OH,9,Aye,"Rep. Marcy Kaptur [D, 1983-2024]",Democrat
400218,WI,3,Aye,"Rep. Ron Kind [D, 1997-2022]",Democrat
400219,NY,2,Aye,"Rep. Peter “Pete” King [R, 2013-2020]",Republican
400220,IA,4,Aye,"Rep. Steve King [R, 2013-2020]",Republican
400230,RI,2,Aye,"Rep. James “Jim” Langevin [D, 2001-2022]",Democrat
400232,WA,2,Aye,"Rep. Rick Larsen [D, 2001-2024]",Democrat
400233,CT,1,Aye,"Rep. John Larson [D, 1999-2024]",Democrat
400237,CA,13,Aye,"Rep. Barbara Lee [D, 2013-2022]",Democrat
400240,GA,5,Aye,"Rep. John R. Lewis [D, 1987-2020]",Democrat
400245,CA,19,Aye,"Rep. Zoe Lofgren [D, 2013-2022]",Democrat
400246,NY,17,Aye,"Rep. Nita Lowey [D, 2013-2020]",Democrat
400247,OK,3,Aye,"Rep. Frank Lucas [R, 2003-2024]",Republican
400249,MA,8,Aye,"Rep. Stephen Lynch [D, 2013-2024]",Democrat
400251,NY,12,Aye,"Rep. Carolyn Maloney [D, 2013-2022]",Democrat
400259,MN,4,Aye,"Rep. Betty McCollum [D, 2001-2024]",Democrat
400263,MA,2,Aye,"Rep. James “Jim” McGovern [D, 2013-2024]",Democrat
400271,NY,5,Aye,"Rep. Gregory Meeks [D, 2013-2024]",Democrat
400289,NY,10,Aye,"Rep. Jerrold Nadler [D, 2013-2022]",Democrat
400290,CA,32,Aye,"Rep. Grace Napolitano [D, 2013-2022]",Democrat
400291,MA,1,Aye,"Rep. Richard Neal [D, 2013-2024]",Democrat
400295,DC,0,Aye,"Rep. Eleanor Holmes Norton [D, 1991-2024]",Democrat
400297,CA,22,Aye,"Rep. Devin Nunes [R, 2013-2021]",Republican
400308,NJ,6,Aye,"Rep. Frank Pallone [D, 1993-2024]",Democrat
400309,NJ,9,Aye,"Rep. Bill Pascrell [D, 2013-2024]",Democrat
400316,MN,7,Aye,"Rep. Collin Peterson [D, 1991-2020]",Democrat
400326,NC,4,Aye,"Rep. David Price [D, 1997-2022]",Democrat
400340,KY,5,Aye,"Rep. Harold “Hal” Rogers [R, 1981-2024]",Republican
400341,AL,3,Aye,"Rep. Mike Rogers [R, 2003-2024]",Republican
400347,CA,40,Aye,"Rep. Lucille Roybal-Allard [D, 2013-2022]",Democrat
400349,MD,2,Aye,"Rep. A. Dutch Ruppersberger [D, 2003-2024]",Democrat
400350,IL,1,Aye,"Rep. Bobby Rush [D, 1993-2022]",Democrat
400352,OH,13,Aye,"Rep. Tim Ryan [D, 2013-2022]",Democrat
400355,CA,38,Aye,"Rep. Linda Sánchez [D, 2013-2024]",Democrat
400360,IL,9,Aye,"Rep. Janice “Jan” Schakowsky [D, 1999-2024]",Democrat
400361,CA,28,Aye,"Rep. Adam Schiff [D, 2013-2022]",Democrat
400363,GA,13,Aye,"Rep. David Scott [D, 2003-2024]",Democrat
400364,VA,3,Aye,"Rep. Robert “Bobby” Scott [D, 1993-2024]",Democrat
400365,WI,5,Not Voting,"Rep. James Sensenbrenner [R, 2003-2020]",Republican
400366,NY,15,Aye,"Rep. José Serrano [D, 2013-2020]",Democrat
400371,CA,30,Aye,"Rep. Brad Sherman [D, 2013-2022]",Democrat
400373,IL,15,Aye,"Rep. John Shimkus [R, 2013-2020]",Republican
400376,ID,2,No,"Rep. Michael “Mike” Simpson [R, 1999-2024]",Republican
400379,WA,9,Aye,"Rep. Adam Smith [D, 1997-2024]",Democrat
400380,NJ,4,Aye,"Rep. Christopher “Chris” Smith [R, 1981-2024]",Republican
400402,MS,2,Aye,"Rep. Bennie Thompson [D, 1993-2024]",Democrat
400403,CA,5,Aye,"Rep. Mike Thompson [D, 2013-2022]",Democrat
400404,TX,13,Aye,"Rep. Mac Thornberry [R, 1995-2020]",Republican
400411,OH,10,No,"Rep. Michael Turner [R, 2013-2024]",Republican
400414,MI,6,Aye,"Rep. Fred Upton [R, 1993-2022]",Republican
400416,NY,7,Aye,"Rep. Nydia Velázquez [D, 2013-2024]",Democrat
400417,IN,1,Aye,"Rep. Peter Visclosky [D, 1985-2020]",Democrat
400419,OR,2,Aye,"Rep. Greg Walden [R, 1999-2020]",Republican
400422,CA,43,Aye,"Rep. Maxine Waters [D, 2013-2024]",Democrat
400433,SC,2,No,"Rep. Joe Wilson [R, 2001-2024]",Republican
400440,AK,0,Aye,"Rep. Don Young [R, 1973-2022]",Republican
400616,NC,1,Aye,"Rep. George “G.K.” Butterfield [D, 2004-2022]",Democrat
400618,CA,16,Aye,"Rep. Jim Costa [D, 2013-2022]",Democrat
400623,FL,23,Aye,"Rep. Debbie Wasserman Schultz [D, 2013-2022]",Democrat
400630,IL,3,Aye,"Rep. Daniel Lipinski [D, 2005-2020]",Democrat
400639,MO,5,Aye,"Rep. Emanuel Cleaver [D, 2005-2024]",Democrat
400640,NE,1,Aye,"Rep. Jeff Fortenberry [R, 2005-2022]",Republican
400641,NY,26,Aye,"Rep. Brian Higgins [D, 2013-2024]",Democrat
400643,NC,5,No,"Rep. Virginia Foxx [R, 2005-2024]",Republican
400644,NC,10,Aye,"Rep. Patrick McHenry [R, 2005-2024]",Republican
400651,TX,1,No,"Rep. Louie Gohmert [R, 2005-2022]",Republican
400653,TX,9,Aye,"Rep. Al Green [D, 2005-2024]",Democrat
400654,TX,10,Aye,"Rep. Michael McCaul [R, 2005-2024]",Republican
400655,TX,11,Aye,"Rep. Michael Conaway [R, 2005-2020]",Republican
400656,TX,24,No,"Rep. Kenny Marchant [R, 2005-2020]",Republican
400657,TX,28,Aye,"Rep. Henry Cuellar [D, 2005-2024]",Democrat
400659,WA,5,Aye,"Rep. Cathy Anne McMorris Rodgers [R, 2005-2024]",Republican
400661,WI,4,Aye,"Rep. Gwen Moore [D, 2005-2024]",Democrat
400663,CA,6,Aye,"Rep. Doris Matsui [D, 2013-2022]",Democrat
412186,NJ,8,Aye,"Rep. Albio Sires [D, 2013-2022]",Democrat
412189,CA,9,Aye,"Rep. Jerry McNerney [D, 2013-2022]",Democrat
412190,CA,23,Aye,"Rep. Kevin McCarthy [R, 2013-2022]",Republican
412191,CO,5,Aye,"Rep. Doug Lamborn [R, 2007-2024]",Republican
412192,CO,7,Aye,"Rep. Ed Perlmutter [D, 2007-2022]",Democrat
412193,CT,2,Aye,"Rep. Joe Courtney [D, 2007-2024]",Democrat
412195,FL,14,Aye,"Rep. Kathy Castor [D, 2013-2024]",Democrat
412196,FL,16,Aye,"Rep. Vern Buchanan [R, 2013-2024]",Republican
412199,GA,4,Aye,"Rep. Henry C. “Hank” Johnson [D, 2007-2024]",Democrat
412209,IA,2,Aye,"Rep. David Loebsack [D, 2007-2020]",Democrat
412211,KY,3,Aye,"Rep. John Yarmuth [D, 2007-2022]",Democrat
412212,MD,3,Aye,"Rep. John Sarbanes [D, 2007-2024]",Democrat
412213,MI,7,Aye,"Rep. Tim Walberg [R, 2011-2022]",Republican
412217,NE,3,Aye,"Rep. Adrian Smith [R, 2007-2024]",Republican
412221,NY,9,Aye,"Rep. Yvette Clarke [D, 2013-2024]",Democrat
412226,OH,4,No,"Rep. Jim Jordan [R, 2007-2024]",Republican
412236,TN,9,Aye,"Rep. Steve Cohen [D, 2007-2024]",Democrat
412239,VT,0,Aye,"Rep. Peter Welch [D, 2007-2022]",Democrat
412250,FL,12,Aye,"Rep. Gus Bilirakis [R, 2013-2024]",Republican
412255,VA,1,No,"Rep. Robert Wittman [R, 2007-2024]",Republican
412256,OH,5,Aye,"Rep. Robert Latta [R, 2007-2024]",Republican
412257,IL,11,Aye,"Rep. Bill Foster [D, 2013-2024]",Democrat
412258,IN,7,Aye,"Rep. André Carson [D, 2008-2024]",Democrat
412259,CA,14,Aye,"Rep. Jackie Speier [D, 2013-2022]",Democrat
412261,LA,1,Aye,"Rep. Steve Scalise [R, 2008-2024]",Republican
412272,VA,11,Aye,"Rep. Gerald Connolly [D, 2009-2024]",Democrat
412278,KY,2,Aye,"Rep. Brett Guthrie [R, 2009-2024]",Republican
412282,CT,4,Aye,"Rep. James “Jim” Himes [D, 2009-2024]",Democrat
412283,CA,50,No,"Rep. Duncan D. Hunter [R, 2013-2020]",Republican
412286,AZ,2,Aye,"Rep. Ann Kirkpatrick [D, 2019-2022]",Democrat
412292,MO,3,No,"Rep. Blaine Luetkemeyer [R, 2013-2024]",Republican
412293,NM,3,Aye,"Rep. Ben Ray Luján [D, 2009-2020]",Democrat
412295,CA,4,Aye,"Rep. Tom McClintock [R, 2009-2022]",Republican
412302,TX,22,No,"Rep. Pete Olson [R, 2009-2020]",Republican
412307,ME,1,Aye,"Rep. Chellie Pingree [D, 2009-2024]",Democrat
412309,FL,8,No,"Rep. Bill Posey [R, 2013-2024]",Republican
412310,TN,1,Aye,"Rep. David “Phil” Roe [R, 2009-2020]",Republican
412312,MP,0,Not Voting,"Rep. Gregorio Sablan [D, 2009-2024]",Democrat
412315,OR,5,Aye,"Rep. Kurt Schrader [D, 2009-2022]",Democrat
412317,PA,15,Aye,"Rep. Glenn Thompson [R, 2019-2024]",Republican
412318,NV,1,Aye,"Rep. Dina Titus [D, 2013-2024]",Democrat
412319,NY,20,Aye,"Rep. Paul Tonko [D, 2013-2024]",Democrat
412327,OH,11,Aye,"Rep. Marcia Fudge [D, 2008-2021]",Democrat
412331,IL,5,Aye,"Rep. Mike Quigley [D, 2009-2024]",Democrat
412379,CA,27,Aye,"Rep. Judy Chu [D, 2013-2022]",Democrat
412382,CA,3,Aye,"Rep. John Garamendi [D, 2013-2022]",Democrat
412385,FL,22,Aye,"Rep. Theodore “Ted” Deutch [D, 2017-2022]",Democrat
412388,GA,14,No,"Rep. Tom Graves [R, 2013-2020]",Republican
412393,NY,23,Aye,"Rep. Tom Reed [R, 2013-2022]",Republican
412394,AL,2,Aye,"Rep. Martha Roby [R, 2011-2020]",Republican
412395,AL,5,No,"Rep. Mo Brooks [R, 2011-2022]",Republican
412396,AL,7,Aye,"Rep. Terri Sewell [D, 2011-2024]",Democrat
412397,AZ,4,No,"Rep. Paul Gosar [R, 2013-2022]",Republican
412399,AZ,6,Aye,"Rep. David Schweikert [R, 2013-2022]",Republican
412400,AR,1,Aye,"Rep. Eric “Rick” Crawford [R, 2011-2024]",Republican
412402,AR,3,Aye,"Rep. Steve Womack [R, 2011-2024]",Republican
412404,CA,37,Aye,"Rep. Karen Bass [D, 2013-2022]",Democrat
412405,CO,3,Aye,"Rep. Scott Tipton [R, 2011-2020]",Republican
412410,FL,11,No,"Rep. Daniel Webster [R, 2017-2024]",Republican
412412,FL,24,Aye,"Rep. Frederica Wilson [D, 2013-2024]",Democrat
412416,GA,7,Aye,"Rep. Rob Woodall [R, 2011-2020]",Republican
412417,GA,8,No,"Rep. Austin Scott [R, 2011-2024]",Republican
412421,IL,16,Aye,"Rep. Adam Kinzinger [R, 2013-2022]",Republican
412427,IN,8,No,"Rep. Larry Bucshon [R, 2011-2024]",Republican
412432,LA,2,Aye,"Rep. Cedric Richmond [D, 2011-2021]",Democrat
412434,MD,1,Aye,"Rep. Andy Harris [R, 2011-2024]",Republican
412435,MA,9,Aye,"Rep. William R. Keating [D, 2013-2024]",Democrat
412437,MI,2,Aye,"Rep. Bill Huizenga [R, 2011-2022]",Republican
412438,MI,3,No,"Rep. Justin Amash [L, 2011-2020]",Republican
412443,MS,4,No,"Rep. Steven Palazzo [R, 2011-2022]",Republican
412444,MO,4,Aye,"Rep. Vicky Hartzler [R, 2011-2022]",Republican
412445,MO,7,Aye,"Rep. Billy Long [R, 2011-2022]",Republican
412460,OH,6,Aye,"Rep. Bill Johnson [R, 2011-2024]",Republican
412461,OH,15,Aye,"Rep. Steve Stivers [R, 2011-2021]",Republican
412463,OH,7,No,"Rep. Bob Gibbs [R, 2013-2022]",Republican
412465,PA,16,Aye,"Rep. Mike Kelly [R, 2019-2024]",Republican
412470,RI,1,Aye,"Rep. David Cicilline [D, 2011-2023]",Democrat
412472,SC,3,No,"Rep. Jeff Duncan [R, 2011-2024]",Republican
412476,TN,3,Aye,"Rep. Charles “Chuck” Fleischmann [R, 2011-2024]",Republican
412477,TN,4,Aye,"Rep. Scott DesJarlais [R, 2011-2024]",Republican
412480,TX,17,Aye,"Rep. Bill Flores [R, 2011-2020]",Republican
412485,VA,9,Aye,"Rep. Morgan Griffith [R, 2011-2024]",Republican
412486,WA,3,Not Voting,"Rep. Jaime Herrera Beutler [R, 2011-2022]",Republican
412487,WV,1,Aye,"Rep. David McKinley [R, 2011-2022]",Republican
412488,WI,7,No,"Rep. Sean Duffy [R, 2011-2019]",Republican
412500,NV,2,Aye,"Rep. Mark Amodei [R, 2011-2024]",Republican
412501,OR,1,Aye,"Rep. Suzanne Bonamici [D, 2012-2024]",Democrat
412503,KY,4,Aye,"Rep. Thomas Massie [R, 2012-2024]",Republican
412505,WA,1,Aye,"Rep. Suzan DelBene [D, 2012-2024]",Democrat
412506,NJ,10,Aye,"Rep. Donald Payne Jr. [D, 2012-2024]",Democrat
412510,CA,1,Aye,"Rep. Doug LaMalfa [R, 2013-2024]",Republican
412511,CA,2,Aye,"Rep. Jared Huffman [D, 2013-2024]",Democrat
412512,CA,7,Aye,"Rep. Ami Bera [D, 2013-2022]",Democrat
412513,CA,8,Aye,"Rep. Paul Cook [R, 2013-2020]",Republican
412514,CA,15,Not Voting,"Rep. Eric Swalwell [D, 2013-2022]",Democrat
412516,CA,26,Aye,"Rep. Julia Brownley [D, 2013-2024]",Democrat
412517,CA,29,Aye,"Rep. Tony Cárdenas [D, 2013-2024]",Democrat
412519,CA,36,Aye,"Rep. Raul Ruiz [D, 2013-2022]",Democrat
412520,CA,41,Aye,"Rep. Mark Takano [D, 2013-2022]",Democrat
412521,CA,47,Aye,"Rep. Alan Lowenthal [D, 2013-2022]",Democrat
412522,CA,51,Aye,"Rep. Juan Vargas [D, 2013-2022]",Democrat
412523,CA,52,Aye,"Rep. Scott Peters [D, 2013-2022]",Democrat
412525,FL,3,Aye,"Rep. Ted Yoho [R, 2013-2020]",Republican
412529,FL,21,Aye,"Rep. Lois Frankel [D, 2017-2022]",Democrat
412531,GA,9,No,"Rep. Doug Collins [R, 2013-2020]",Republican
412532,HI,2,Aye,"Rep. Tulsi Gabbard [D, 2013-2020]",Democrat
412534,IL,10,Aye,"Rep. Bradley “Brad” Schneider [D, 2017-2024]",Democrat
412536,IL,13,Aye,"Rep. Rodney Davis [R, 2013-2022]",Republican
412537,IL,17,Aye,"Rep. Cheri Bustos [D, 2013-2022]",Democrat
412538,IN,2,Aye,"Rep. Jackie Walorski [R, 2013-2022]",Republican
412539,IN,5,Aye,"Rep. Susan Brooks [R, 2013-2020]",Republican
412541,KY,6,No,"Rep. Garland “Andy” Barr [R, 2013-2024]",Republican
412543,MA,4,Aye,"Rep. Joseph P. Kennedy [D, 2013-2020]",Democrat
412546,MI,5,Aye,"Rep. Daniel Kildee [D, 2013-2022]",Democrat
412548,MO,2,Aye,"Rep. Ann Wagner [R, 2013-2024]",Republican
412550,NC,8,Aye,"Rep. Richard Hudson [R, 2013-2022]",Republican
412552,NC,11,Aye,"Rep. Mark Meadows [R, 2013-2020]",Republican
412553,NC,2,No,"Rep. George Holding [R, 2017-2020]",Republican
412557,NH,2,Aye,"Rep. Ann Kuster [D, 2013-2024]",Democrat
412559,NV,4,Aye,"Rep. Steven Horsford [D, 2019-2024]",Democrat
412560,NY,6,Aye,"Rep. Grace Meng [D, 2013-2024]",Democrat
412561,NY,8,Aye,"Rep. Hakeem Jeffries [D, 2013-2024]",Democrat
412562,NY,18,Aye,"Rep. Sean Maloney [D, 2013-2022]",Democrat
412563,NY,27,Aye,"Rep. Chris Collins [R, 2013-2019]",Republican
412564,OH,2,Aye,"Rep. Brad Wenstrup [R, 2013-2024]",Republican
412565,OH,3,Aye,"Rep. Joyce Beatty [D, 2013-2024]",Democrat
412566,OH,14,Aye,"Rep. David Joyce [R, 2013-2024]",Republican
412568,OK,2,Aye,"Rep. Markwayne Mullin [R, 2013-2022]",Republican
412569,PA,10,Aye,"Rep. Scott Perry [R, 2019-2024]",Republican
412571,PA,8,Aye,"Rep. Matthew “Matt” Cartwright [D, 2019-2024]",Democrat
412572,SC,7,No,"Rep. Tom Rice [R, 2013-2022]",Republican
412574,TX,14,No,"Rep. Randy Weber [R, 2013-2024]",Republican
412576,TX,20,Aye,"Rep. Joaquin Castro [D, 2013-2024]",Democrat
412578,TX,25,Aye,"Rep. Roger Williams [R, 2013-2024]",Republican
412579,TX,33,Aye,"Rep. Marc Veasey [D, 2013-2024]",Democrat
412580,TX,34,Aye,"Rep. Filemon Vela [D, 2013-2022]",Democrat
412581,UT,2,Aye,"Rep. Chris Stewart [R, 2013-2023]",Republican
412583,WA,6,Aye,"Rep. Derek Kilmer [D, 2013-2024]",Democrat
412584,WA,10,Aye,"Rep. Denny Heck [D, 2013-2020]",Democrat
412585,WI,2,Aye,"Rep. Mark Pocan [D, 2013-2024]",Democrat
412595,IL,2,Aye,"Rep. Robin Kelly [D, 2013-2024]",Democrat
412596,MO,8,No,"Rep. Jason Smith [R, 2013-2024]",Republican
412600,MA,5,Aye,"Rep. Katherine Clark [D, 2013-2024]",Democrat
412601,AL,1,No,"Rep. Bradley Byrne [R, 2014-2020]",Republican
412606,NJ,1,Aye,"Rep. Donald Norcross [D, 2014-2024]",Democrat
412607,NC,12,Aye,"Rep. Alma Adams [D, 2014-2024]",Democrat
412608,AL,6,Aye,"Rep. Gary Palmer [R, 2015-2024]",Republican
412609,AR,2,Aye,"Rep. French Hill [R, 2015-2024]",Republican
412610,AR,4,Aye,"Rep. Bruce Westerman [R, 2015-2024]",Republican
412612,AZ,7,Aye,"Rep. Ruben Gallego [D, 2015-2022]",Democrat
412613,CA,11,Aye,"Rep. Mark DeSaulnier [D, 2015-2022]",Democrat
412615,CA,31,Aye,"Rep. Pete Aguilar [D, 2015-2022]",Democrat
412616,CA,33,Aye,"Rep. Ted Lieu [D, 2015-2022]",Democrat
412617,CA,35,Aye,"Rep. Norma Torres [D, 2015-2024]",Democrat
412619,CO,4,Not Voting,"Rep. Ken Buck [R, 2015-2024]",Republican
412622,GA,1,No,"Rep. Earl “Buddy” Carter [R, 2015-2024]",Republican
412623,GA,10,No,"Rep. Jody Hice [R, 2015-2022]",Republican
412624,GA,11,Aye,"Rep. Barry Loudermilk [R, 2015-2024]",Republican
412625,GA,12,No,"Rep. Rick Allen [R, 2015-2024]",Republican
412629,IL,12,Not Voting,"Rep. Mike Bost [R, 2015-2024]",Republican
412630,LA,5,Aye,"Rep. Ralph Abraham [R, 2015-2020]",Republican
412631,LA,6,Aye,"Rep. Garret Graves [R, 2015-2024]",Republican
412632,MA,6,Aye,"Rep. Seth Moulton [D, 2015-2024]",Democrat
412634,MI,4,Aye,"Rep. John Moolenaar [R, 2015-2022]",Republican
412637,MI,12,Aye,"Rep. Debbie Dingell [D, 2015-2022]",Democrat
412638,MI,14,Aye,"Rep. Brenda Lawrence [D, 2015-2022]",Democrat
412639,MN,6,Aye,"Rep. Tom Emmer [R, 2015-2024]",Republican
412641,NC,7,Aye,"Rep. David Rouzer [R, 2015-2024]",Republican
412644,NJ,12,Aye,"Rep. Bonnie Watson Coleman [D, 2015-2024]",Democrat
412646,NY,1,No,"Rep. Lee Zeldin [R, 2015-2022]",Republican
412647,NY,4,Aye,"Rep. Kathleen Rice [D, 2015-2022]",Democrat
412648,NY,21,Aye,"Rep. Elise Stefanik [R, 2015-2024]",Republican
412649,NY,24,Aye,"Rep. John Katko [R, 2015-2022]",Republican
412652,PA,2,Aye,"Rep. Brendan Boyle [D, 2019-2024]",Democrat
412653,TX,4,Not Voting,"Rep. John Ratcliffe [R, 2015-2020]",Republican
412654,TX,23,Aye,"Rep. Will Hurd [R, 2015-2020]",Republican
412655,TX,36,No,"Rep. Brian Babin [R, 2015-2024]",Republican
412657,VA,8,Aye,"Rep. Donald Beyer [D, 2015-2024]",Democrat
412659,VI,0,Aye,"Rep. Stacey Plaskett [D, 2015-2024]",Democrat
412660,WA,4,Aye,"Rep. Dan Newhouse [R, 2015-2024]",Republican
412661,WI,6,Aye,"Rep. Glenn Grothman [R, 2015-2024]",Republican
412662,WV,2,Aye,"Rep. Alexander Mooney [R, 2015-2024]",Republican
412664,AS,0,Not Voting,"Rep. Aumua Amata Radewagen [R, 2015-2024]",Republican
412670,NC,6,No,"Rep. Mark Walker [R, 2015-2020]",Republican
412673,MS,1,No,"Rep. Trent Kelly [R, 2015-2024]",Republican
412674,IL,18,Aye,"Rep. Darin LaHood [R, 2015-2022]",Republican
412675,OH,8,Aye,"Rep. Warren Davidson [R, 2016-2024]",Republican
412676,KY,1,No,"Rep. James Comer [R, 2016-2024]",Republican
412677,PA,3,Aye,"Rep. Dwight Evans [D, 2019-2024]",Democrat
412682,AZ,1,Aye,"Rep. Tom O’Halleran [D, 2017-2022]",Democrat
412683,AZ,5,No,"Rep. Andy Biggs [R, 2017-2024]",Republican
412684,CA,17,Aye,"Rep. Ro Khanna [D, 2017-2024]",Democrat
412685,CA,20,Aye,"Rep. Jimmy Panetta [D, 2017-2022]",Democrat
412686,CA,24,Aye,"Rep. Salud Carbajal [D, 2017-2024]",Democrat
412687,CA,44,Aye,"Rep. Nanette Barragán [D, 2017-2024]",Democrat
412688,CA,46,Aye,"Rep. Luis Correa [D, 2017-2024]",Democrat
412689,DE,0,Aye,"Rep. Lisa Blunt Rochester [D, 2017-2024]",Democrat
412690,FL,1,Aye,"Rep. Matt Gaetz [R, 2017-2024]",Republican
412691,FL,2,No,"Rep. Neal Dunn [R, 2017-2024]",Republican
412692,FL,4,Aye,"Rep. John Rutherford [R, 2017-2022]",Republican
412693,FL,5,Aye,"Rep. Al Lawson [D, 2017-2022]",Democrat
412694,FL,7,Aye,"Rep. Stephanie Murphy [D, 2017-2022]",Democrat
412695,FL,9,Aye,"Rep. Darren Soto [D, 2017-2024]",Democrat
412696,FL,10,Aye,"Rep. Val Demings [D, 2017-2022]",Democrat
412697,FL,13,Aye,"Rep. Charlie Crist [D, 2017-2022]",Democrat
412698,FL,18,No,"Rep. Brian Mast [R, 2017-2022]",Republican
412699,FL,19,No,"Rep. Francis Rooney [R, 2017-2020]",Republican
412700,GA,3,No,"Rep. Drew Ferguson [R, 2017-2024]",Republican
412701,IL,8,Aye,"Rep. Raja Krishnamoorthi [D, 2017-2024]",Democrat
412702,IN,3,No,"Rep. Jim Banks [R, 2017-2024]",Republican
412703,IN,9,Aye,"Rep. Trey Hollingsworth [R, 2017-2022]",Republican
412704,KS,1,Aye,"Rep. Roger Marshall [R, 2017-2020]",Republican
412705,LA,3,No,"Rep. Clay Higgins [R, 2017-2024]",Republican
412706,LA,4,Aye,"Rep. Mike Johnson [R, 2017-2024]",Republican
412707,MD,4,Aye,"Rep. Anthony Brown [D, 2017-2022]",Democrat
412708,MD,8,Aye,"Rep. Jamie Raskin [D, 2017-2024]",Democrat
412709,MI,1,Aye,"Rep. Jack Bergman [R, 2017-2024]",Republican
412710,MI,10,Aye,"Rep. Paul Mitchell [I, 2017-2020]",Republican
412712,NC,13,Aye,"Rep. Ted Budd [R, 2017-2022]",Republican
412713,NE,2,No,"Rep. Don Bacon [R, 2017-2024]",Republican
412714,NJ,5,Aye,"Rep. Josh Gottheimer [D, 2017-2024]",Democrat
412717,NY,3,Aye,"Rep. Thomas Suozzi [D, 2017-2022]",Democrat
412718,NY,13,Aye,"Rep. Adriano Espaillat [D, 2017-2024]",Democrat
412721,PA,1,Aye,"Rep. Brian Fitzpatrick [R, 2019-2024]",Republican
412722,PA,11,Aye,"Rep. Lloyd Smucker [R, 2019-2024]",Republican
412723,PR,0,Not Voting,"Commish. Jenniffer González-Colón [R, 2017-2024]",Republican
412724,TN,8,Aye,"Rep. David Kustoff [R, 2017-2024]",Republican
412725,TX,15,Aye,"Rep. Vicente Gonzalez [D, 2017-2022]",Democrat
412726,TX,19,Aye,"Rep. Jodey Arrington [R, 2017-2024]",Republican
412728,VA,4,Aye,"Rep. Donald McEachin [D, 2017-2022]",Democrat
412730,WA,7,Aye,"Rep. Pramila Jayapal [D, 2017-2024]",Democrat
412731,WI,8,No,"Rep. Mike Gallagher [R, 2017-2024]",Republican
412732,WY,0,No,"Rep. Liz Cheney [R, 2017-2022]",Republican
412735,KS,4,No,"Rep. Ron Estes [R, 2017-2024]",Republican
412736,MT,0,Not Voting,"Rep. Greg Gianforte [R, 2017-2020]",Republican
412738,SC,5,No,"Rep. Ralph Norman [R, 2017-2024]",Republican
412739,CA,34,Aye,"Rep. Jimmy Gomez [D, 2017-2024]",Democrat
412740,UT,3,Aye,"Rep. John Curtis [R, 2017-2024]",Republican
412744,PA,17,Aye,"Rep. Conor Lamb [D, 2019-2022]",Democrat
412745,AZ,8,Aye,"Rep. Debbie Lesko [R, 2018-2024]",Republican
412746,TX,27,Aye,"Rep. Michael Cloud [R, 2018-2024]",Republican
412747,OH,12,Aye,"Rep. Troy Balderson [R, 2018-2024]",Republican
412748,OK,1,Aye,"Rep. Kevin Hern [R, 2018-2024]",Republican
412749,NY,25,Aye,"Rep. Joseph Morelle [D, 2018-2024]",Democrat
412750,PA,5,Aye,"Rep. Mary Gay Scanlon [D, 2019-2024]",Democrat
412751,PA,7,Aye,"Rep. Susan Wild [D, 2019-2024]",Democrat
412753,AZ,9,Aye,"Rep. Greg Stanton [D, 2019-2022]",Democrat
412754,CA,10,Aye,"Rep. Josh Harder [D, 2019-2022]",Democrat
412755,CA,21,Aye,"Rep. TJ Cox [D, 2019-2020]",Democrat
412756,CA,25,Aye,"Rep. Katie Hill [D, 2019-2019]",Democrat
412757,CA,39,Aye,"Rep. Gilbert Cisneros [D, 2019-2020]",Democrat
412758,CA,45,Aye,"Rep. Katie Porter [D, 2019-2022]",Democrat
412759,CA,48,Aye,"Rep. Harley Rouda [D, 2019-2020]",Democrat
412760,CA,49,Aye,"Rep. Mike Levin [D, 2019-2024]",Democrat
412761,CO,2,Aye,"Rep. Joe Neguse [D, 2019-2024]",Democrat
412762,CO,6,Aye,"Rep. Jason Crow [D, 2019-2024]",Democrat
412763,CT,5,Aye,"Rep. Jahana Hayes [D, 2019-2024]",Democrat
412764,FL,6,Aye,"Rep. Michael Waltz [R, 2019-2024]",Republican
412765,FL,15,Aye,"Rep. Ross Spano [R, 2019-2020]",Republican
412766,FL,17,No,"Rep. Gregory Steube [R, 2019-2024]",Republican
412767,FL,26,Aye,"Rep. Debbie Mucarsel-Powell [D, 2019-2020]",Democrat
412768,FL,27,Aye,"Rep. Donna Shalala [D, 2019-2020]",Democrat
412769,GA,6,Aye,"Rep. Lucy McBath [D, 2019-2022]",Democrat
412770,GU,0,Not Voting,"Rep. Michael San Nicolas [D, 2019-2022]",Democrat
412771,IA,1,Aye,"Rep. Abby Finkenauer [D, 2019-2020]",Democrat
412772,IA,3,Aye,"Rep. Cynthia Axne [D, 2019-2022]",Democrat
412773,ID,1,No,"Rep. Russ Fulcher [R, 2019-2024]",Republican
412774,IL,4,Aye,"Rep. Jesús “Chuy” García [D, 2019-2024]",Democrat
412775,IL,6,Aye,"Rep. Sean Casten [D, 2019-2024]",Democrat
412776,IL,14,Aye,"Rep. Lauren Underwood [D, 2019-2024]",Democrat
412777,IN,4,Aye,"Rep. James Baird [R, 2019-2024]",Republican
412778,IN,6,Aye,"Rep. Greg Pence [R, 2019-2024]",Republican
412779,KS,2,Aye,"Rep. Steven Watkins [R, 2019-2020]",Republican
412780,KS,3,Aye,"Rep. Sharice Davids [D, 2019-2024]",Democrat
412781,MA,3,Aye,"Rep. Lori Trahan [D, 2019-2024]",Democrat
412782,MA,7,Aye,"Rep. Ayanna Pressley [D, 2019-2024]",Democrat
412783,MD,6,Aye,"Rep. David Trone [D, 2019-2024]",Democrat
412784,MI,8,Aye,"Rep. Elissa Slotkin [D, 2019-2022]",Democrat
412785,MI,9,Aye,"Rep. Andy Levin [D, 2019-2022]",Democrat
412786,MI,11,Aye,"Rep. Haley Stevens [D, 2019-2024]",Democrat
412787,MI,13,Aye,"Rep. Rashida Tlaib [D, 2019-2022]",Democrat
412788,MN,1,No,"Rep. Jim Hagedorn [R, 2019-2022]",Republican
412789,MN,2,Aye,"Rep. Angie Craig [D, 2019-2024]",Democrat
412790,MN,3,Aye,"Rep. Dean Phillips [D, 2019-2024]",Democrat
412791,MN,5,Aye,"Rep. Ilhan Omar [D, 2019-2024]",Democrat
412792,MN,8,Aye,"Rep. Pete Stauber [R, 2019-2024]",Republican
412793,MS,3,Aye,"Rep. Michael Guest [R, 2019-2024]",Republican
412794,ND,0,Aye,"Rep. Kelly Armstrong [R, 2019-2024]",Republican
412795,NH,1,Aye,"Rep. Chris Pappas [D, 2019-2024]",Democrat
412796,NJ,2,Aye,"Rep. Jefferson Van Drew [R, 2019-2024]",Democrat
412797,NJ,3,Aye,"Rep. Andy Kim [D, 2019-2024]",Democrat
412798,NJ,7,Aye,"Rep. Tom Malinowski [D, 2019-2022]",Democrat
412799,NJ,11,Aye,"Rep. Mikie Sherrill [D, 2019-2024]",Democrat
412800,NM,1,Aye,"Rep. Debra Haaland [D, 2019-2021]",Democrat
412801,NM,2,Aye,"Rep. Xochitl Torres Small [D, 2019-2020]",Democrat
412802,NV,3,Aye,"Rep. Susie Lee [D, 2019-2024]",Democrat
412803,NY,11,Aye,"Rep. Max Rose [D, 2019-2020]",Democrat
412804,NY,14,Aye,"Rep. Alexandria Ocasio-Cortez [D, 2019-2024]",Democrat
412805,NY,19,Aye,"Rep. Antonio Delgado [D, 2019-2022]",Democrat
412806,NY,22,Aye,"Rep. Anthony Brindisi [D, 2019-2020]",Democrat
412807,OH,16,Aye,"Rep. Anthony Gonzalez [R, 2019-2022]",Republican
412808,OK,5,Aye,"Rep. Kendra Horn [D, 2019-2020]",Democrat
412809,PA,4,Aye,"Rep. Madeleine Dean [D, 2019-2024]",Democrat
412810,PA,6,Aye,"Rep. Chrissy Houlahan [D, 2019-2024]",Democrat
412811,PA,9,Aye,"Rep. Daniel Meuser [R, 2019-2024]",Republican
412812,PA,13,Aye,"Rep. John Joyce [R, 2019-2024]",Republican
412813,PA,14,Aye,"Rep. Guy Reschenthaler [R, 2019-2024]",Republican
412814,SC,1,Aye,"Rep. Joe Cunningham [D, 2019-2020]",Democrat
412815,SC,4,No,"Rep. William Timmons [R, 2019-2024]",Republican
412816,SD,0,Aye,"Rep. Dusty Johnson [R, 2019-2024]",Republican
412817,TN,2,No,"Rep. Tim Burchett [R, 2019-2024]",Republican
412818,TN,6,No,"Rep. John W. Rose [R, 2019-2024]",Republican
412819,TN,7,Not Voting,"Rep. Mark E. Green [R, 2019-2024]",Republican
412820,TX,2,Aye,"Rep. Dan Crenshaw [R, 2019-2024]",Republican
412821,TX,3,No,"Rep. Van Taylor [R, 2019-2022]",Republican
412822,TX,5,No,"Rep. Lance Gooden [R, 2019-2024]",Republican
412823,TX,6,Not Voting,"Rep. Ron Wright [R, 2019-2021]",Republican
412824,TX,7,Aye,"Rep. Lizzie Fletcher [D, 2019-2024]",Democrat
412825,TX,16,Aye,"Rep. Veronica Escobar [D, 2019-2024]",Democrat
412826,TX,21,No,"Rep. Chip Roy [R, 2019-2024]",Republican
412827,TX,29,Aye,"Rep. Sylvia Garcia [D, 2019-2024]",Democrat
412828,TX,32,Aye,"Rep. Colin Allred [D, 2019-2024]",Democrat
412829,UT,4,Aye,"Rep. Ben McAdams [D, 2019-2020]",Democrat
412830,VA,2,Aye,"Rep. Elaine Luria [D, 2019-2022]",Democrat
412831,VA,5,Aye,"Rep. Denver Riggleman [R, 2019-2020]",Republican
412832,VA,6,No,"Rep. Ben Cline [R, 2019-2024]",Republican
412833,VA,7,Aye,"Rep. Abigail Spanberger [D, 2019-2024]",Democrat
412834,VA,10,Aye,"Rep. Jennifer Wexton [D, 2019-2024]",Democrat
412835,WA,8,Aye,"Rep. Kim Schrier [D, 2019-2024]",Democrat
412836,WI,1,Aye,"Rep. Bryan Steil [R, 2019-2024]",Republican
412837,WV,3,Aye,"Rep. Carol Miller [R, 2019-2022]",Republican
412842,ME,2,Aye,"Rep. Jared Golden [D, 2019-2024]",Democrat
412843,PA,12,Aye,"Rep. Fred Keller [R, 2019-2022]",Republican
